Id;Label;timeset;isseed;seedrank;subscribercount;videocount;viewcount(100s);country;publishedat;daysactive
UCzi49Gp-XX9m5foHOWWGKeA;SOS ART;;yes;2;8773;58;2855;FR;2014-12-21T16:28:11.000Z;1758
UCKjDY4joMPcoRMmd-G1yz1Q;C est une autre histoire;;yes;4;231684;74;65928;FR;2015-06-27T09:28:11.000Z;1570
UCQMa1gqqiSAlP_Xwk0hBPSg;Le Baz Art ambulant;;yes;5;235;37;79;FR;2011-10-25T20:36:42.000Z;2911
UCLsjb-32UWEOlsKggOfxnIg;Pallas Athéné;;yes;6;5677;13;509;FR;2015-03-06T20:54:32.000Z;1683
UCjTZULESrd3WLIEhs6rfMQw;REG  ART;;yes;7;4206;30;476;FR;2016-02-11T15:12:42.000Z;1341
UCs-co4VM68JvRHI7LvSoRbg;L  artichaut;;yes;8;4726;54;5662;not set;2015-08-30T08:19:37.000Z;1506
UCZ17ceLrs__ZzLwx8IrEFkw;Muséonaute;;yes;13;14780;24;1835;FR;2016-06-24T19:33:56.000Z;1207
UCeV94bPERQK3_VqxxWRw6SQ;Samai Cédlart;;yes;10;0;19;4541;not set;2013-04-16T02:34:53.000Z;2372
UCL1ScW5p_7TF-uWdVo1WjTw;Art Comptant Pour Rien;;yes;11;35106;27;7022;BE;2016-05-01T15:31:45.000Z;1261
UCyAiVPzrW_o5PuNl6UH3JNg;Grand Palais;;yes;12;21545;792;73042;not set;2012-03-19T13:04:58.000Z;2765
UCqeQl48e0r-M30d_EVWfA2Q;Photo Synthèse;;yes;14;6576;108;2643;FR;2016-09-14T03:52:47.000Z;1125
UCQhw8EPGPbBeXthitpbCyuQ;L&O;;yes;15;0;15;167;FR;2015-10-27T14:30:23.000Z;1448
UC0LSiywzFEnZIDbXyE3y7NQ;Mr P;;yes;16;1967;40;586;FR;2015-09-27T02:59:44.000Z;1478
UCQq9fMRQhXOyOZeageaj6ag;NART l art en 3 coups de pinceau;;yes;17;31388;111;9686;FR;2015-04-10T07:34:35.000Z;1648
UCq9HhrwCKJZcYbLtsk1wErw;Grand écArt;;yes;18;7422;13;461;FR;2017-01-30T10:53:02.000Z;987
UCVcECecc_kaV9PeZVfm6TiA;VIDEODROME;;yes;19;2281;21;344;not set;2017-06-15T23:14:00.000Z;851
UCjqM_AfL1ZT-6r_CWj_uCxA;Plein Les Pixels;;yes;20;1349;111;414;not set;2014-08-28T19:03:48.000Z;1873
UCXg4udeWdzZbaL8Y8otOLSw;Esteban Grine;;yes;21;8652;68;1685;not set;2013-09-12T13:15:53.000Z;2223
UCbh42Dmxg7ecaUcCbBjOkuA;Otherside Chronique;;yes;22;87;3;20;not set;2013-10-28T19:00:33.000Z;2177
UCw9pOgsObfIcsrZ5n-pQq_g;Yohann From Outer Space;;yes;23;5109;18;1633;not set;2013-02-23T16:23:29.000Z;2424
UCvHft8Duo4NaHsxQr2l9TOA;PILOTE la chronique série;;yes;24;88470;25;24456;FR;2012-11-11T13:47:22.000Z;2528
UCcElGW0bhK4Wd5f8fluj0Cg;Pier -re;;yes;25;2045;75;558;FR;2015-02-04T11:26:44.000Z;1713
UCpfe3Yjy2jGJFRk-D7DVrXw;un bot pourrait faire ça;;yes;26;8707;25;877;FR;2016-04-13T10:49:38.000Z;1279
UClQVvXqYz7hyFNtvechntbA;Les ShowRunners;;yes;27;9456;209;11268;FR;2012-08-26T16:00:06.000Z;2605
UCBkNuuj09PAlnsCihZTYW2A;Miss Myu;;yes;28;2337;53;479;FR;2009-02-17T20:04:22.000Z;3891
UCO2NDv2Q76ur2Muue6WbCWQ;SweetBerry;;yes;29;3753;148;1105;FR;2015-06-12T08:25:02.000Z;1585
UC0JoDo2A6C8iKjcvaLO-Z3w;Le Clap;;yes;30;11733;36;3758;FR;2015-06-04T11:18:43.000Z;1593
UCN2fQteC9VUUK6JmjVGr49g;Simon Sees;;yes;31;1776;22;626;not set;2015-01-30T15:54:30.000Z;1718
UCVL2B0RUBPhOBjtKejLeIcg;Benjamin Cerbai;;yes;32;38059;588;25599;FR;2010-01-30T10:53:40.000Z;3544
UCvepqhNoU72y0Q8JvNDOmng;Licarion Rock;;yes;33;110432;116;142524;not set;2014-04-24T13:20:00.000Z;1999
UC-liFKW7eNY_nZ5T7yYxa5g;Les Relous;;yes;34;249;20;62;not set;2016-03-30T20:06:57.000Z;1293
UCWQu_FwZKlyhLTBr81BZ2Kg;Détective Geeleek  consultant en série et film;;yes;35;198;57;151;FR;2016-12-08T17:06:03.000Z;1040
UCoE1zHB74QsR22l-J6uK53Q;Game Spectrum;;yes;36;35188;12;5960;FR;2011-07-08T23:07:30.000Z;3020
UCMAOGbM65D7VzbVTmpKeKgQ;Le ciné-club de M. Bobine;;yes;37;38914;93;21248;FR;2014-06-18T21:30:50.000Z;1944
UC2FR3CXLhzfqCfTDOLzS_3Q;Osmosis;;yes;38;7872;56;1359;FR;2016-03-29T15:50:46.000Z;1294
UCbq4WwLfbhRxvyVYOTYU25g;UnDropDansLaMare;;yes;39;56185;111;45259;FR;2012-06-19T10:48:34.000Z;2673
UCGpmajWNv0fpY7q0MiPtVSA;Les Thaumatropes;;yes;40;7980;116;4676;not set;2014-05-04T22:29:48.000Z;1989
UCn2odfT6D4WPg4y-zRIgU5g;Fabien Campaner;;yes;41;60559;35;25572;FR;2011-09-27T12:34:14.000Z;2939
UCbbsbAqC2uYvyPX56TCBLrw;François Delski - Le Tost;;yes;42;3361;46;965;FR;2015-03-08T10:35:02.000Z;1681
UCxuNHXk3vlPaBXJUnX2vTSg;CulturePorn;;yes;43;43364;25;12534;not set;2016-08-08T22:08:12.000Z;1162
UCL-y95OCyfWeGVIH-gpG1aA;Karim Debbache;;yes;44;245337;31;328603;not set;2011-03-19T15:12:53.000Z;3131
UCQfrSok6xuClEq8bOwiEWfA;Doc Geraud;;yes;45;73533;51;16917;FR;2012-08-23T19:46:14.000Z;2608
UCEfpbmshpf-G90fGLla73kA;Bolchegeek;;yes;46;32717;37;12210;not set;2013-09-14T16:30:25.000Z;2221
UCwbV8cTR4yBgFdfa_BXV2OA;Le Fossoyeur de Films;;yes;47;716333;227;862234;FR;2012-09-15T18:38:57.000Z;2585
UCvoweapIz8M7_Hbd6CwxRKQ;FLIM;;yes;48;22864;22;3409;FR;2016-01-26T15:44:14.000Z;1357
UC9ba8F0t-wFiYUV-7ogVITw;Chroniques du Désert Rouge;;yes;49;8452;18;4419;FR;2015-12-08T08:41:42.000Z;1406
UCjUvDaBuJCyEwhuhb8_B_vA;Ashikara;;yes;50;7293;27;1089;not set;2006-06-22T19:19:49.000Z;4862
UCVdlvOXPHiH4ySKSqfoQYhQ;Amazing Lucy;;yes;51;9624;21;1475;FR;2012-03-26T17:18:17.000Z;2758
UCVf2py0nEmhiUH7pryhZdyg;Développeuse Du Dimanche;;yes;52;18112;55;5169;not set;2016-09-17T14:51:13.000Z;1122
UC9JQQll_r5k1O_Y18ymTp4g;Tania Louis;;yes;54;10989;57;3117;FR;2015-08-05T15:34:02.000Z;1531
UCQV0sUWgALswpyRjNwhQe-g;Tarveil - Nutrition is a Game;;yes;55;481;63;220;FR;2017-10-02T21:51:03.000Z;742
UCaTUwZuy7lq8XYTf74CnepQ;Connecsciences;;yes;56;1454;12;331;not set;2016-06-09T13:27:13.000Z;1222
UCRq9T1K8rNdcnNSiWFGYQwA;La Science Dans La Fiction;;yes;57;3979;46;1326;FR;2014-11-22T22:08:03.000Z;1787
UCzn6tpG3WqyVLWPYi4n8VaQ;Paléo-J;;yes;58;2828;30;747;not set;2013-06-25T14:47:49.000Z;2302
UCOhW7sWI8IeAi0ZYe-P3qRg;Medifact;;yes;59;3680;24;764;FR;2017-02-04T16:38:46.000Z;982
UCG-O7s_-BlT_mWGlYw-SEHg;Bio Logique;;yes;60;63943;43;23254;FR;2015-01-01T20:17:22.000Z;1747
UCXmsYqZMEJU3y_J8V-sW4NQ;Melvak;;yes;61;35878;28;6032;FR;2013-06-02T16:35:33.000Z;2325
UC7-ni1xUnNlcrM8BDShu9YA;Bobo Toubib;;yes;62;178;0;0;RE;2016-01-31T10:55:21.000Z;1352
UCdoTJOrvwrX3HvCuCLK3xDA;WhyDoc;;yes;63;7163;23;2198;FR;2014-05-23T08:25:57.000Z;1970
UCGl2QLR344ry4Y20RV9dM3g;Professeur Feuillage;;yes;64;123565;60;42352;FR;2014-09-01T11:33:12.000Z;1869
UCljzenfKIP4yauZGpK4TTAw;Matadon;;yes;65;3683;9;848;not set;2010-08-29T14:17:20.000Z;3333
UCetUcOmlHbepmh6NLea9l5g;PaleoWorld;;yes;66;3256;57;1010;FR;2016-04-26T12:44:04.000Z;1266
UCej7tmvtZ_ex9dZE-ZYS0EQ;Simplex Paléo;;yes;67;8918;51;4654;FR;2011-12-09T22:56:50.000Z;2866
UCj2sb4hak2L_UpW-1AQ6Qhw;Un Peu Pointu;;yes;68;10557;9;1061;not set;2016-05-30T18:03:55.000Z;1232
UC4FSWLjT6TooU3hi8vQVI6g;Vincent Jase;;yes;69;1220;33;731;CA;2016-05-08T19:32:07.000Z;1254
UCJ7_Ld2cIVY5MM3NcKW3D8A;Risque Alpha;;yes;70;19572;22;2666;not set;2016-07-31T10:23:31.000Z;1170
UCGmofCPlLo0W4L7HNfrHgEg;Aviscene;;yes;71;21178;39;14017;FR;2017-09-07T19:42:48.000Z;767
UC8MZDcFxb6FtogVEZ0Eyydg;Climen;;yes;72;29163;25;8503;FR;2011-04-28T07:53:43.000Z;3091
UCsziE76G6NjpCTTwoSEbwYQ;prof SVT 71;;yes;73;22930;144;26445;FR;2012-04-15T09:37:32.000Z;2738
UCI2B2YaPM6OgamrSemoZScg;Goana;;yes;74;684;11;299;FR;2016-02-11T11:23:22.000Z;1341
UC-Dmq5q3-FIBknv1TVIR__Q;Homo Fabulus;;yes;75;6718;11;691;not set;2017-04-21T21:51:17.000Z;906
UCOchT7ZJ4TXe3stdLW1Sfxw;Dans Ton Corps;;yes;76;619069;155;539458;FR;2016-04-11T15:23:07.000Z;1281
UCffpNbuQxGmf06YHFZcQ-OQ;la chaine de MOS;;yes;77;2076;77;902;FR;2014-08-25T12:32:55.000Z;1876
UCJ6-SDZAKKBm7c6p-eD6c5Q;Parlons Evolution;;yes;78;1290;48;267;FR;2016-10-09T13:46:27.000Z;1100
UCNF55p_Gqh6EUxincHK0w8g;Le Pharmachien;;yes;79;3130;8;1281;not set;2011-11-15T21:21:13.000Z;2890
UC5j3ir6MGVp2qmKbPZP7MbA;Viens Voir Le Docteur;;yes;80;1190;33;317;FR;2016-12-14T15:20:03.000Z;1034
UC9BnGZLT4iPaJtDOXYwQuHQ;Primum Non Nocere;;yes;81;90222;51;24569;FR;2014-08-24T11:58:17.000Z;1877
UCmQylwGI9yS9HtxA8f9WMTw;Strange Stuff and Funky Things;;yes;82;13700;9;1185;not set;2015-04-11T21:38:51.000Z;1647
UCDubCcTgXuPYICZWaf5rY2Q;Dr Mus;;yes;83;34913;14;14654;FR;2016-01-30T23:15:41.000Z;1353
UC2EYhsS52ykT6sQH5FXoY7g;Cervelle d oiseau;;yes;84;1645;23;334;FR;2017-02-06T17:11:58.000Z;980
UCNEWnUoWy0h8_6Fyt_59N1Q;M - Gigantoraptor;;yes;85;48765;191;30029;FR;2013-05-12T11:14:03.000Z;2346
UCT4vFGvS6swMGQcr6Cdu2Jg;Alexis Rastier;;yes;86;3358;44;1658;FR;2012-02-28T17:16:53.000Z;2785
UCpZODzFU3297WtWnnB8j6vQ;Cédrik JURASSIK;;yes;87;63786;85;48042;FR;2016-02-21T14:41:45.000Z;1331
UCMRIeHMKRW8gAFULPToat4Q;la P tite Jane;;yes;88;8757;27;1219;not set;2015-10-06T21:01:15.000Z;1469
UCZnVzAaoJu37Tkz6YJn4EUQ;L envers de la Blouse;;yes;89;5551;30;1311;FR;2016-03-24T14:52:58.000Z;1299
UC5Xp3SIgoA1DdWQT2OcWoOQ;Antomologie;;yes;90;364;30;66;not set;2017-07-08T11:31:47.000Z;828
UCv5MaoOOO9HervWWHZwwOjg;GenetiX;;yes;91;766;18;121;FR;2015-09-01T09:10:22.000Z;1504
UCDqEttzOpPbDoeC05HRPPDQ;Asclépios;;yes;114;80435;18;16640;FR;2016-07-14T22:23:51.000Z;1187
UC5z-dw1g1G2_twr2-RAtdHQ;Entracte Science;;yes;93;14362;162;16050;not set;2013-01-15T21:41:53.000Z;2463
UCtqICqGbPSbTN09K1_7VZ3Q;DirtyBiology;;yes;94;742089;71;426949;FR;2014-02-17T23:26:27.000Z;2065
UC1KxoDAzbWOWOhw5GbsE-Bw;ALT 236;;yes;95;109485;52;49238;FR;2016-08-31T18:09:46.000Z;1139
UCfO4BQD5_S1272GVmuXmTxA;Castor Mother;;yes;96;46580;64;15255;FR;2015-02-03T01:00:38.000Z;1714
UCpfLyZINZ1CkMVF81NHDXaA;BrainWhy;;yes;97;0;22;220;FR;2015-12-25T13:03:22.000Z;1389
UCBFKnRO_lG72CRcKyVSKe6Q;Caméléon Curieux;;yes;98;529;15;358;FR;2017-02-08T12:48:20.000Z;978
UCWEmr0wJE6V3bgUK_dlEN2A;Back to School Movies;;yes;99;337;7;161;not set;2017-10-08T15:35:54.000Z;736
UCToaRM06haIUw4uxvaGQCnA;Calidoscope - Les Topovaures;;yes;100;241170;62;162138;FR;2015-03-29T01:00:13.000Z;1660
UC2_OG1L8DLTzQ7UrZVOk7OA;Axolot;;yes;101;518820;28;171745;not set;2013-06-10T09:52:24.000Z;2317
UCoRReVQsekQ-tOwUo-lCOpA;Arkeo Toys;;yes;102;32369;38;13461;not set;2016-01-05T01:51:22.000Z;1378
UCd_ho3fwV39cuki6hKUSwZg;Terra Incognita;;yes;103;2328;43;768;FR;2016-02-28T22:54:08.000Z;1324
UCX9lsdsTKfTi1eqoyL-RS-Q;Mister Geopolitix;;yes;104;81262;71;19897;FR;2016-01-19T11:02:57.000Z;1364
UCKnQwqEcbWMu1qdOnayfbWA;L histoire-géo Au tableau;;yes;105;10600;23;10066;FR;2015-09-27T20:29:58.000Z;1478
UCIogkaC9Y6sRbzcz04_66oA;Le Quatrième Mur;;yes;106;347;4;71;FR;2014-09-02T12:02:41.000Z;1868
UCAcAnMF0OrCtUep3Y4M-ZPw;HugoDécrypte;;yes;107;310349;265;207182;FR;2015-11-19T19:48:59.000Z;1425
UCBo6bcRr2D9UnkMbgeEEMbw;Point G;;yes;108;1526;23;283;FR;2016-01-13T20:31:14.000Z;1370
UCp6rG9KqxwsdwgVY1D2dqWA;La Geozone;;yes;109;3913;55;2694;IO;2016-03-24T17:29:41.000Z;1299
UCCEnEn-a-1XI3VKMzvk2fSg;UTOPIA Univers;;yes;110;246;8;27;not set;2017-07-02T12:23:17.000Z;834
UCX2dIyMEQMWy3AQBlq1CYXQ;TéléCrayon;;yes;111;80236;209;96709;FR;2012-09-02T17:48:40.000Z;2598
UCLhOJJbPciPdocXTaAk2SdA;Passé sauvage;;yes;112;66329;36;8543;FR;2015-08-22T19:20:37.000Z;1514
UC_Ll41JS0VQO9L1iOv6LDQg;Aude GG;;yes;113;78470;36;16766;FR;2013-06-28T17:39:07.000Z;2299
UCzj9-ZfpJ74vYv1RZzAWTVg;Confessions d Histoire;;yes;115;127983;11;35968;FR;2015-02-06T09:41:30.000Z;1711
UC7ktqoCpxEbP9TV-xQLTonQ;Boneless Archéologie;;yes;116;3423;63;688;not set;2017-10-31T19:05:16.000Z;713
UCDB2qWL_20CgNC22fgPz00w;ANALEPSE;;yes;117;35988;34;5663;FR;2015-08-04T11:39:35.000Z;1532
UCuzwN74da6dfHW69r4S2qJg;Parlons Y-stoire;;yes;118;58610;64;26608;FR;2014-05-30T18:28:37.000Z;1963
UCCGRtSqLfljpX9mzCYDsQIg;Questions d Histoire;;yes;119;167387;30;55238;FR;2016-02-29T17:50:48.000Z;1323
UCiWrr_SnP8eK-_9yJWFzbEA;Sur le champ;;yes;120;27826;46;14234;FR;2016-05-18T19:16:35.000Z;1244
UCUP3KJnzQLN6aA_Rmd2U17w;Bonnie Soubise;;yes;121;201;2;18;FR;2017-06-28T21:25:58.000Z;838
UCacgofzftbbkUhcftPvUzQg;AlterHis;;yes;122;160808;96;128695;FR;2014-12-15T11:15:42.000Z;1764
UCFAR8XqMHTSB32e7okK0DWw;Pour La Petite Histoire;;yes;123;259100;75;159109;FR;2014-09-21T03:52:24.000Z;1849
UCtPPkaXk1DXerZEvfPb4ssA;Salon de l Histoire;;yes;124;38398;16;14352;FR;2017-01-31T12:25:40.000Z;986
UCP46_MXP_WG_auH88FnfS1A;Nota Bene;;yes;125;897128;193;655206;not set;2014-08-24T19:12:20.000Z;1877
UClgn1YAOlHPHNuhamI-GyAQ;Kif-kif Bourricot;;yes;126;496;9;52;FR;2017-05-13T19:50:03.000Z;884
UCbMwZeGQwv3lrwELbojTYNw;Signes&Vous;;yes;127;2710;48;1859;FR;2015-08-25T10:20:39.000Z;1511
UCoB1M5fbdQRGW05ubC3WjmA;Lyokoï Kun;;yes;128;566;37;220;FR;2015-06-30T20:57:21.000Z;1567
UCofQxJWd4qkqc7ZgaLkZfcw;Linguisticae;;yes;129;228436;152;130898;FR;2014-12-20T21:03:52.000Z;1759
UCeEb8pfFV5zWNX2fCiG6UDw;L insolente linguiste;;yes;130;5363;4;522;CA;2016-03-19T16:33:06.000Z;1304
UCiS98AQGiMcu-cTIO9iZv_g;Code MU;;yes;131;69315;77;27342;FR;2014-05-26T09:55:47.000Z;1967
UCvVafVKjq6rA3bL4yGcaB8w;apprendreunelangue;;yes;132;3130;55;1709;FR;2015-05-21T11:32:44.000Z;1607
UC1ipKNAWcHhmcqKUEGg1RMg;Le Monde des Langues;;yes;133;17557;242;11662;not set;2015-10-19T15:52:28.000Z;1456
UC0efyK_-Athm8yhyjNSqndQ;Les Langues de Cha;;yes;134;18832;15;3069;not set;2015-02-18T19:30:09.000Z;1699
UCV7LqtLm0-NW4x1W5AUu-QA;La Minute Belge;;yes;135;8480;44;6814;BE;2015-12-21T16:51:22.000Z;1393
UC8miF2H8VfLDDGeslNaWHfQ;Elles Comme Linguistes;;yes;136;3681;47;1085;not set;2016-07-10T10:31:50.000Z;1191
UC3rbgmQApsfAhvQ5Oa0azsQ;Langue des signes;;yes;137;15745;737;18719;FR;2014-07-20T21:47:25.000Z;1912
UCby-z5MMfbJVfecN6pTb8Aw;John Khatal;;yes;138;470;12;218;FR;2015-01-27T11:07:35.000Z;1721
UCXw2TBQp-GEhM1bsBASuv8g;Monsieur Wild;;yes;139;7765;58;4188;FR;2013-10-20T15:45:34.000Z;2185
UCrpqKTyAxJWSpwmA_BfWTjw;Le Tropeur;;yes;140;56490;143;33918;FR;2008-03-07T18:02:45.000Z;4238
UCFyaA9LoooQrLiDvP0R7GpA;Mediaclasse.fr;;yes;141;52134;76;42361;FR;2014-10-18T09:56:40.000Z;1822
UC32vOdZp-NN4eZZhJrUNR6w;Les boloss des belles lettres;;yes;142;31693;19;25531;FR;2016-01-21T16:20:52.000Z;1362
UC_9Z28lA28JxAgFv-m4_nlw;Miss Book;;yes;143;32702;50;6969;FR;2014-11-30T19:10:33.000Z;1779
UCVsO79cFjOcoei3PywQEWDA;Rendez-Vous Contes !;;yes;144;2127;87;962;FR;2016-09-26T19:03:04.000Z;1113
UCe9R7vA0HkcRil8FyL5Zn8g;Moun;;yes;145;4990;27;1617;FR;2011-09-30T16:53:25.000Z;2936
UCkv82c0G9Qn1vUZ2mBcOn4A;L Homme Littéraire;;yes;146;13297;18;1941;FR;2015-04-15T18:42:13.000Z;1643
UCjdpk8jgWwkFaf781O-gN0w;Tes grands auteurs en petits morceaux;;yes;147;2960;20;3035;not set;2015-07-28T13:54:08.000Z;1539
UCe4hvDqpoxbbDfw0vpEi9Ow;C est pas un drame;;yes;148;324;2;82;FR;2016-05-01T08:37:27.000Z;1261
UC-XaweTnPBhPM-2hbE6xCJQ;L Arche;;yes;149;5927;58;2288;FR;2016-01-21T13:24:53.000Z;1362
UCvpC3r6uMufMM5qb3c0QtDw;Nine Gorman;;yes;150;77559;227;53246;FR;2013-03-30T23:23:53.000Z;2389
UCO-YDXoZJNVJFmF1UJ17rEw;La Brigade du Livre;;yes;151;37617;38;7777;FR;2015-01-13T17:04:22.000Z;1735
UCslIRp_iqIcPRa1jBLdzkqQ;Les Littératrices;;yes;152;493;5;47;not set;2018-07-21T18:06:08.000Z;450
UCJd1AFjN9vIgVDDB6UE2UQg;Qu est-ce qu on lit ?;;yes;153;2557;15;621;FR;2017-08-11T14:20:50.000Z;794
UCvFUHbJieL0AzVHHbgfhk7A;Northern Rufio;;yes;154;28160;46;11738;not set;2010-11-12T21:24:56.000Z;3258
UCKlALB5Gf4mxD1u47f2viqA;Les ptites Leds;;yes;155;147;5;15;not set;2017-02-23T20:10:44.000Z;963
UC2XIqez2q8sk2bd8YcAok5Q;Le Mock;;yes;156;59823;76;22150;FR;2015-01-15T16:44:59.000Z;1733
UCAmsG64faWTwlpGCfHQ3mig;Bulledop;;yes;157;66973;185;36516;FR;2012-06-19T11:37:27.000Z;2673
UCTPzoCNshrEPdLSzbiJaFdg;L  Archéonaute;;yes;158;1983;27;553;not set;2013-07-12T20:23:42.000Z;2285
UCln6vislBhUyBov49ttln0w;Piko Books;;yes;160;3713;101;1320;not set;2016-04-13T18:14:52.000Z;1279
UCJgYXYDJV9UZfxMcKuvc-0g;Le Marque-Page;;yes;161;13988;33;2875;not set;2015-04-10T11:52:47.000Z;1648
UC4PasDd25MXqlXBogBw9CAg;Mickaël Launay;;yes;162;351319;155;271039;FR;2011-09-08T11:04:01.000Z;2958
UCaDqmzanCq4ZYhdEm0Df9Qg;Yvan Monka;;yes;163;439175;1237;648157;FR;2008-09-21T20:41:35.000Z;4040
UC9ciJmrLjCCkzTjQom6UlSw;L.P.B. Maths vidéo;;yes;164;1500;106;3226;FR;2012-12-07T22:03:33.000Z;2502
UC5v3n77j1YPvgS46-4G6qlg;Automaths;;yes;165;1206;23;265;FR;2017-11-30T19:27:32.000Z;683
UCDjXdK_Jg_0OqRlRhKiZ_Rw;Hans Amble - Puissance Maths;;yes;166;8034;1959;13651;FR;2016-03-13T14:15:26.000Z;1310
UCC_Uk-ByD_o3ZvsvRvHlX-A;Professeur Culture Précieuse;;yes;167;4678;68;2285;FR;2014-05-29T19:37:46.000Z;1964
UC0NCbj8CxzeCGIF6sODJ-7A;Science4All;;yes;168;159325;220;94922;FR;2016-02-10T11:08:14.000Z;1342
UCWty1tzwZW_ZNSp5GVGteaA;La statistique expliquée à mon chat;;yes;169;219766;21;53815;BE;2016-03-09T17:06:02.000Z;1314
UCo-O74A4qVz6nq5cfCIee6w;jaicompris Maths;;yes;170;92276;1020;122783;FR;2013-02-25T15:08:24.000Z;2422
UCgkhWgBGRp0sdFy2MHDWfSg;El Jj;;yes;172;60582;33;29871;not set;2013-09-24T08:47:17.000Z;2211
UCGzrP5k8VwAPqs1F5Dr8khA;Math un peu ça;;yes;173;905;9;251;not set;2017-02-22T23:48:45.000Z;964
UCM3jQ0eL9XJBgklR98xXxfA;Médiapason;;yes;174;1488;21;146;not set;2016-04-16T22:57:29.000Z;1276
UCHL0yzuBvMDqY2DVoKep3EQ;L opéra et ses zouz;;yes;175;5253;47;1936;FR;2016-10-01T18:44:45.000Z;1108
UCi_GOrrbCes6bwvbsw9gBwQ;Le Rapporteur;;yes;176;14455;15;2114;FR;2016-09-19T11:29:22.000Z;1120
UCIGBwNwDKxjCOUE-0HxtVLw;Breakfast In Backstage;;yes;177;21753;19;8979;not set;2014-04-28T16:07:25.000Z;1995
UCR1x4S_tqNDiZN71YstsAmg;Scherzando - la Musique Badine;;yes;178;18629;62;5649;FR;2007-05-13T13:25:21.000Z;4537
UCSdQBJnDbYBnanpOfJMlyYw;L Instrumentarium de l Insolite;;yes;179;12235;20;2828;FR;2015-04-02T22:47:59.000Z;1656
UC44aWFGjp0gao1QMMq5TV_w;Music Antik;;yes;180;5499;35;1260;FR;2015-11-18T22:29:04.000Z;1426
UCk-gLaqukzL7MCVSv6oOhLA;SillaBO;;yes;181;2555;32;392;FR;2015-10-23T08:34:32.000Z;1452
UCPpNtkHeCnwN7Tl5oLq4AAg;Une chanson  l addition;;yes;182;71339;100;49780;FR;2016-12-12T10:45:57.000Z;1036
UC_eWPzAVFiORhh0WANdrT1g;Kemon : La Science Musicale;;yes;183;18721;16;6036;FR;2014-09-12T19:48:25.000Z;1858
UC1kz30iAcNahlzfPcKFZGpA;Gradus ad Parnassum;;yes;184;30600;153;27012;not set;2013-12-02T15:22:32.000Z;2142
UCEE9FbcjgG3EtctdfOndgtQ;Les AnecNotes;;yes;185;28784;39;8923;FR;2015-12-04T15:34:03.000Z;1410
UCYGsp80XkjBRK3jARDVFCNA;Bardàn Irving;;yes;186;1435;24;312;FR;2012-06-06T17:21:11.000Z;2686
UC5C9-4yOwA1NR2NHzq_r69g;KronoMuzik;;yes;187;82212;68;35738;not set;2016-07-12T23:49:34.000Z;1189
UC61C9YaOMvZH0LchKqCZICA;Aurélien Montero;;yes;188;3158;99;632;not set;2014-07-29T23:53:48.000Z;1903
UCzi5Z-wnH6D-GBWVzrjktXg;1AM Pop électronique;;yes;189;2230;71;355;not set;2014-02-07T19:18:50.000Z;2075
UCW2y2m-mgYg4Y7VLyjIQWWg;Tyllou;;yes;190;37443;170;17422;not set;2006-05-24T17:14:58.000Z;4891
UCDTg3IRVIylTLcX-vUaYwow;Enjoy The Noise - L émission musicale;;yes;191;22640;60;8523;FR;2011-08-04T18:39:32.000Z;2993
UC_17P1ruDpCVujf7C_SxhOA;Metalliquoi;;yes;192;97868;61;42541;not set;2014-01-12T17:59:26.000Z;2101
UCFNHIm8HBqOz3Qs0hbN94gA;Monsieur Ornicar;;yes;193;729;2;88;not set;2017-01-04T22:13:36.000Z;1013
UCZHPwKyeypWwU8SNJSzQhCw;Révisons nos Classiques;;yes;194;45660;48;8201;FR;2015-03-26T21:27:39.000Z;1663
UCicDkjnT9s4G5dySdopIciQ;Otomj - LA chaîne musicale;;yes;195;4466;122;1591;not set;2010-01-03T14:07:04.000Z;3571
UCMkOKU7usWmqcpLDcWG9PtQ;Vled Tapas;;yes;196;24261;61;6681;not set;2013-09-24T01:51:06.000Z;2211
UCFLrKHR80X6avG9CHZFIh8Q;Salut les Mélomanes !;;yes;197;1296;60;448;FR;2015-11-16T23:05:49.000Z;1428
UCGGihKiL7BI9cLLwANHy6Eg;Le Compositeur;;yes;198;5188;45;2850;FR;2014-10-27T19:16:00.000Z;1813
UCB0qpLkjzVlVZ4c8nKiCEyw;pvnova;;yes;199;576774;177;753234;not set;2007-07-04T17:56:19.000Z;4485
UCwAwQeqM6bFwQ6kN6oqbxCQ;SiFaSile;;yes;200;4669;53;1254;FR;2017-03-07T22:05:11.000Z;951
UCsdFPuHze41jb2D4PEETk6Q;Jean apprends;;yes;201;153;64;54;not set;2018-02-08T08:47:35.000Z;613
UCJuRkp3llDerQb9vT0XOepg;Révisions Bac;;yes;347;71109;50;76383;not set;2014-04-01T13:13:50.000Z;2022
UCIUbSRKVVOpWl_xB3soLU1g;Scienticfiz;;yes;204;1606;78;1039;FR;2016-07-03T18:03:52.000Z;1198
UCdH4RLzP9UIxV299clvj1rg;Mathrix;;yes;205;354694;882;185198;FR;2015-02-04T00:23:17.000Z;1714
UC6wF0stG_iXMO4mIXM9g3YQ;EduKey;;yes;206;5562;37;2205;not set;2016-10-16T22:00:47.000Z;1093
UCTXVXFiZtj8FyPIXOwk9kWQ;Bulledop Journal;;yes;207;47100;28;20602;not set;2014-01-10T21:22:18.000Z;2103
UC2bt55_J3pQCImOfjO17Q-w;Instant Sceptique;;yes;208;0;26;3712;FR;2011-10-08T17:01:08.000Z;2928
UCGeFgMJfWclTWuPw8Ok5FUQ;horizon-gull;;yes;209;151731;38;47771;not set;2013-11-05T16:41:14.000Z;2169
UCJLsfsSpIiUBPvYYSUAclrw;Temps Mort;;yes;210;38877;35;15156;FR;2015-01-26T09:47:59.000Z;1722
UCPkoA795xDha5eAUFjISlwA;Penseur Sauvage;;yes;211;13225;76;7618;FR;2014-02-01T10:37:45.000Z;2081
UC8T_vTz76WUsudvxPk6SLEw;Un Monde Riant;;yes;212;20627;54;6807;not set;2011-10-17T10:11:27.000Z;2919
UC0yPCUmdMZIGtnxSnx5_ifA;Esprit Critique;;yes;213;11981;26;2289;FR;2015-10-05T15:21:07.000Z;1470
UCeLaThEwJRMUg_4HSp8KZEQ;Damastès;;yes;214;0;14;336;FR;2015-08-31T11:32:06.000Z;1505
UC_56vSO35nctESDan8agevg;DeBunKer des Etoiles;;yes;215;26031;34;11650;FR;2016-02-18T17:34:58.000Z;1334
UCLfQGVZGvsYCvEIwGwFrElg;Comptoir Futur;;yes;216;2942;21;755;FR;2015-01-25T20:58:13.000Z;1723
UCw3w5FFPq3HyxeNw2KPJfLg;Aldreius;;yes;217;14330;53;9978;FR;2016-03-11T00:13:02.000Z;1313
UCNMns3zbytLPooWwNmMh9_w;Sciencia Huasca;;yes;218;4139;6;373;not set;2016-09-25T16:02:25.000Z;1114
UCqA8H22FwgBVcF3GJpp0MQw;Monsieur Phi;;yes;219;115146;102;57594;FR;2016-07-14T15:32:42.000Z;1187
UC0HxyEc_ojRJ1oJXS5K6oaA;Politikon;;yes;220;28292;55;8624;FR;2016-03-21T22:10:45.000Z;1302
UCah8C0gmLkdtvsy0b2jrjrw;Cyrus North;;yes;221;352033;131;195690;FR;2013-07-17T13:28:11.000Z;2280
UCLVy1G4ns5D4qPttvE4Cmcg;Parle-Moi de Philo;;yes;222;9031;15;3884;not set;2017-09-18T16:10:30.000Z;756
UCq-8pBMM3I40QlrhM9ExXJQ;La Tronche en Biais;;yes;223;133388;197;85818;FR;2014-11-11T22:18:20.000Z;1798
UCMFcMhePnH4onVHt2-ItPZw;Hygiène Mentale;;yes;224;266273;46;90665;FR;2014-07-22T15:12:44.000Z;1910
UCg47pIhBRJbz52-ABnm0uxw;Curiosity Catalyst;;yes;225;6261;4;841;FR;2007-01-16T23:47:36.000Z;4654
UCU0FhLr6fr7U9GOn6OiQHpQ;Officiel DEFAKATOR;;yes;226;189408;23;84310;not set;2016-10-21T06:12:29.000Z;1088
UCxJka_qnTVquoIL-PQV5POg;DanyCaligula;;yes;227;118155;53;56078;FR;2011-04-17T13:50:25.000Z;3102
UCJ9kIKgFuAB23GkEko1hHDg;Mycéliums;;yes;228;19721;17;4249;FR;2015-02-25T12:58:18.000Z;1692
UCh2YBKhYIy-_LtfCIn2Jycg;Mr. Sam - Point d interrogation;;yes;229;67637;52;25339;BE;2013-06-28T23:17:09.000Z;2299
UCaNlbnghtwlsGF-KzAFThqA;ScienceEtonnante;;yes;354;639896;78;377693;not set;2011-01-04T19:46:19.000Z;3205
UC9HapjjoLqdDNwKEWQRaiyA;Florence Porcel;;yes;233;88252;178;54392;FR;2012-01-14T18:05:56.000Z;2830
UCSFrClFUu6DZ8oUZYAiOOrQ;Le Prof de Physique;;yes;234;11000;82;5899;not set;2013-07-16T14:43:20.000Z;2281
UC5X4e8ScZI2AFd_vkjSoyoQ;AstronoGeek;;yes;235;464462;181;445234;FR;2015-10-04T09:13:31.000Z;1471
UCwIigJTGRHqgUdWO8Fx9Tdg;Alain Bernard;;yes;236;15838;35;16697;not set;2007-11-20T16:06:02.000Z;4346
UCGtdm6dna6BeUPEyru-3QZA;Promethium;;yes;237;3350;24;795;LU;2016-05-22T15:02:41.000Z;1240
UCWYxQt9Y3y2CDzXLf2K7xCA;Lanterne Cosmique;;yes;238;111506;28;41259;not set;2014-10-12T16:01:28.000Z;1828
UC9trkn8YC1kNc0K5v9vPOkg;Sciences physiques à Stella;;yes;239;11100;39;10311;not set;2015-06-03T08:58:05.000Z;1594
UCt9bP5tdgfRJkOXMNjAE-ew;Molécules;;yes;240;2292;16;349;not set;2016-05-18T18:31:55.000Z;1244
UCDC6DBi0kRp6Jk21xqfvFLA;Hugo Lisoir;;yes;241;182142;361;226628;FR;2013-09-08T16:25:44.000Z;2227
UCV6uM3y-8TeO7JlCtcEN-Bg;ScienceClic;;yes;242;152566;45;48511;FR;2014-11-20T07:14:25.000Z;1789
UCRwrWRcHfCpEbEFDVkq08Yw;La pause café sciences;;yes;243;307;6;104;FR;2016-01-11T06:39:07.000Z;1372
UCkMsSGlEMPRxhqvGj6qeucQ;12 Parsecs;;yes;244;84461;35;33243;not set;2017-01-11T12:29:09.000Z;1006
UCsz9DiwPtgDvxJ-njWnieZw;Passe-Science;;yes;245;36017;30;9629;FR;2015-05-25T13:13:16.000Z;1603
UCWnfDPdZw6A23UtuBpYBbAg;Dr Nozman;;yes;246;3186239;342;4710869;FR;2011-05-28T16:22:52.000Z;3061
UCfxwT02Bu5R7l21uMAu8H1w;String Theory FR;;yes;247;201867;158;132046;FR;2016-03-31T11:21:22.000Z;1292
UCZBl7JF_ldmpbN4VuOpHLeA;La Minute Scientifique;;yes;248;5143;21;1937;FR;2014-09-20T23:47:00.000Z;1850
UCiqkVu9-mrMQygfBQansF1Q;Skyray;;yes;249;2593;12;1690;FR;2017-09-13T15:24:04.000Z;761
UCjsHDXUU3BjBCG7OaCbNDyQ;Le Sense Of Wonder;;yes;250;128189;18;25704;not set;2015-05-21T06:28:30.000Z;1607
UCY7WOOsRoHAXSO4hhhAkVVQ;Jensky;;yes;251;18406;72;7783;FR;2016-09-19T12:44:22.000Z;1120
UC1EacOJoqsKaYxaDomTCTEQ;Le Réveilleur;;yes;356;41976;56;12082;FR;2015-03-31T12:25:07.000Z;1658
UCiw_8x43hludK0PhuN9AJGg;DIMENSION;;yes;253;156333;12;32167;FR;2015-06-04T16:45:50.000Z;1593
UCIPAu43SNmPwqbjFmUYxLdg;Scicos;;yes;254;6935;50;1274;FR;2015-11-18T10:42:07.000Z;1426
UCeR8BYZS7IHYjk_9Mh5JgkA;Scilabus;;yes;255;137603;85;49194;CA;2013-09-12T02:36:57.000Z;2223
UC7aa3M8yLy0NRy4Lf1jJ5vg;Big Universe - Chaîne Espace et Astronomie;;yes;256;1120;63;235;BE;2011-09-18T17:04:35.000Z;2948
UCjYuVL-F6Ce3rx_z83cXUmw;WeAreScience;;yes;257;1606;12;223;not set;2015-10-30T15:57:57.000Z;1445
UCvGag7MyHR8H9oRm9iL9Ifw;Experimentboy;;yes;258;795309;134;704105;FR;2012-10-12T23:01:40.000Z;2558
UCwf-gTeemly9VOVALdBXiTw;Techniques Spatiales;;yes;259;44794;13;10767;FR;2017-03-05T18:48:55.000Z;953
UCdL3UpiseRlvxXuORJjmqZw;Stardust - La Chaîne Air & Espace;;yes;260;213978;284;180361;FR;2016-01-14T07:50:50.000Z;1369
UCgBo-uwQNi8tipTiloVcFBQ;profroques;;yes;261;16900;211;29045;not set;2012-11-14T15:29:30.000Z;2525
UC2qLXSbTeNI3bHkfrHGvn1g;ProfOkita;;yes;262;18644;69;6505;FR;2006-07-25T11:28:53.000Z;4829
UCQ6riSJrySOWe_njanfh2LA;CommPsy la chaine;;yes;263;1450;32;426;not set;2015-11-17T21:46:59.000Z;1427
UCwWCBw7M0kskNlv0coVP53w;Psynect;;yes;264;16099;9;1616;FR;2015-02-06T21:59:52.000Z;1711
UCS6tuOQGr3XH9MpN2HaUAxA;Monna Weirdnesday;;yes;265;955;5;198;FR;2016-05-22T08:10:28.000Z;1240
UCsE6tdKFV2oSHFyDll72rWg;PsykoCouac;;yes;266;37837;57;12941;FR;2014-10-26T22:03:04.000Z;1814
UCizHq3k-LPNcNuwjmkYk_cw;Le Mythologue;;yes;267;4045;15;563;BE;2016-10-23T09:35:02.000Z;1086
UChW-VEUq2ej-4meaGN0GjFw;Cygnification;;yes;268;5440;8;622;FR;2012-02-20T21:34:24.000Z;2793
UChFFI2gJFbOCRMapUxboIMA;Va te faire suivre - Psychologie;;yes;269;14920;58;3476;FR;2015-06-24T20:13:46.000Z;1573
UCkw-P155uC_NIOHLW86jJlQ;Joul Psycho;;yes;270;4676;33;910;FR;2017-08-31T13:01:06.000Z;774
UC72lswiocu5Asjt6j9RWh7A;Le PsyLab;;yes;271;127809;64;36694;not set;2014-02-27T00:45:17.000Z;2055
UCcP3HpPMKiQHsj7qDzu3q6g;Marinette — Femmes et féminisme;;yes;272;24652;17;5582;FR;2016-04-07T17:34:57.000Z;1285
UC1g4lZctFqTpZDrJEiw9Qug;911 AVOCAT;;yes;273;36514;17;5133;not set;2016-05-22T19:59:06.000Z;1240
UCSmUdD2Dd_v5uqBuRwtEZug;Marketing Mania;;yes;274;267654;87;115310;FR;2015-12-18T10:04:41.000Z;1396
UCz22aBb91UYiY8oU9hTrPYg;Docteur Ripeur;;yes;275;2533;8;218;FR;2016-05-23T17:08:37.000Z;1239
UCqv_wXmLSFtTDA39HQaLssQ;Accropolis;;yes;277;24825;254;5648;FR;2015-07-16T11:07:27.000Z;1551
UCIAT37ZEoaqdqXjR1aZsyeA;On en parle..ou bien?!;;yes;278;1681;73;940;not set;2015-12-26T21:13:53.000Z;1388
UClqXzMdc8hCC6PWRTBSYfgg;Des Medias Presque Parfaits;;yes;279;4100;13;458;FR;2016-11-29T08:48:10.000Z;1049
UC_KidpuCqhbvqZedgq2DPpA;Angle Droit;;yes;280;16143;5;1686;FR;2015-09-08T22:14:35.000Z;1497
UCWHZkABcR34T276qySN8xTA;Camille décode;;yes;281;7359;61;3085;FR;2017-03-14T23:35:14.000Z;944
UCJYKp6eGV9FhPoiBUzoztSg;Codes&Co;;yes;282;1320;56;1094;FR;2016-12-19T20:05:43.000Z;1029
UCaiaO62ZVJdxqlsV-WiHKuw;ContraDico des ContrAddictions;;yes;283;1643;47;1027;FR;2017-02-15T09:03:50.000Z;971
UC3tDSxRqv6ZUAA5jAgULlhg;PostModem;;yes;284;2970;35;2163;FR;2016-03-20T15:10:15.000Z;1303
UC8ZFaiEUQEdZyZkMQ4gcXLQ;Juris Planet;;yes;285;6489;72;2440;FR;2015-10-30T12:53:56.000Z;1445
UCQgWpmt02UtJkyO32HGUASQ;Thinkerview;;yes;286;334363;150;292094;not set;2012-10-30T23:23:28.000Z;2540
UC4Jrte_YtwWfANKNyzse5iA;Mondes Sociaux;;yes;287;14877;34;5026;FR;2014-10-21T13:52:09.000Z;1819
UCnalsHjhMJZ0CM0dQuunBww;Le Labo de la Légiste;;yes;288;3292;28;685;FR;2017-07-10T14:12:45.000Z;826
UCOA6N3AUAr1Y5c9bShaM4Vw;Le Fils de Pub;;yes;289;7547;20;1172;not set;2014-10-09T12:03:43.000Z;1831
UCK6mlWEjd5-wK1aOqL2zKQQ;Point de vue social #PDVS;;yes;290;21505;47;4506;FR;2015-01-14T11:07:17.000Z;1734
UCmDMRVBFUyeNscAf1UmILzA;Lex Tutor;;yes;291;56051;16;8467;not set;2011-07-09T21:30:19.000Z;3019
UCHBiFS-pM_ZGp7myF9bPSQg;Salut les Baigneurs !;;yes;292;10600;102;9936;FR;2015-10-26T13:22:30.000Z;1449
UCQtGFB2lDt0-d7OdGpeGOHQ;Un Ballon Pas Si Rond;;yes;293;107;18;17;FR;2017-11-12T22:40:59.000Z;701
UCYXU_94g4I2_sn6ekaZHvrw;Rugby Story;;yes;294;174;9;108;FR;2011-11-04T12:04:27.000Z;2901
UCXMQvlUO7nZaps-d4fZfHuw;Phenomara;;yes;295;1150;18;1831;FR;2017-02-28T17:01:38.000Z;958
UCRhyS_ylPQ5GWBl1lK92ftA;Léo - TechMaker;;yes;296;347983;186;289879;FR;2015-11-23T00:31:45.000Z;1422
UCH6ppHEvV3_WIXEwmhv9HEg;Deus Ex Silicium;;yes;297;53888;71;27861;not set;2014-09-10T15:04:58.000Z;1860
UCYnvxJ-PKiGXo_tYXpWAC-w;Micode;;yes;298;628413;65;293457;FR;2017-01-09T17:07:52.000Z;1008
UCSULDz1yaHLVQWHpm4g_GHA;monsieur bidouille;;yes;299;97583;74;43090;not set;2013-10-24T22:20:41.000Z;2181
UC5cs06DgLFeyLIF_II7lWCQ;Cookie connecté;;yes;300;31828;56;14655;FR;2015-07-21T11:32:59.000Z;1546
UCa_8QKdrQkjQR2Oo23RT1uw;Olivier Chambon;;yes;301;44094;589;43334;FR;2007-11-16T14:09:12.000Z;4350
UCisEu07yH7uWOkyar38_ZQA;Maths PlusUn;;yes;302;21529;90;9604;FR;2014-08-11T10:10:36.000Z;1890
UCkuzDvHbHJ2BhAGXFOkOwAA;Teeknofil;;yes;303;5900;37;1746;BE;2016-03-11T08:44:48.000Z;1312
UCUR03ZSZlEvCO6EWwv4jU2w;Absol Vidéos;;yes;304;381952;157;338741;FR;2011-06-19T22:26:43.000Z;3039
UCe-0FAoHZyDLPMLHnYAuXsw;Justin Izu;;yes;305;4487;45;1264;FR;2016-02-22T13:22:00.000Z;1330
UCPFChjpOgkUqckj3378jt5w;Heliox;;yes;306;120159;70;63473;FR;2017-05-13T10:54:45.000Z;884
UCcziTK2NKeWtWQ6kB5tmQ8Q;e-penser;;yes;307;1049537;123;888653;FR;2013-08-26T19:18:50.000Z;2240
UC5Twj1Axp_-9HLsZ5o_cEQQ;Doc Seven;;yes;308;1888175;187;2534645;FR;2015-01-21T11:24:54.000Z;1727
UC3UpbnP2MYoikPoAl7FOpjg;Les Patates Douces;;yes;309;413;3;43;FR;2016-03-27T18:21:23.000Z;1296
UCd9w5q5LXZhNxN2RC0IvO2A;Les petits aventuriers;;yes;310;4284;55;1078;FR;2015-11-20T01:39:45.000Z;1424
UCNwqv0VM-RMyiwmp3L0pqUQ;Le cabinet de Kilin et Kaba;;yes;311;1678;42;1357;CH;2015-08-04T21:16:14.000Z;1532
UCzZiy3EANVAx7h2XYqXsVbw;Collège de France;;yes;312;22715;498;11495;FR;2011-03-08T15:03:17.000Z;3142
UCy1BMhZGRdFiOde2DqeQE0w;Billes de sciences;;yes;313;8040;19;987;FR;2018-09-14T13:30:07.000Z;395
UCENv8pH4LkzvuSV_qHIcslg;C est pas sorcier;;yes;316;770697;1711;2607636;not set;2012-10-31T08:00:30.000Z;2539
UCQCTU4XJ38PPgPQhBKqgUHQ;Scientifiste;;yes;315;4947;8;928;FR;2015-06-19T02:06:49.000Z;1578
UCE_LWXcsdp7cWbo4DR4ZA-A;Science de comptoir;;yes;317;7357;24;2215;FR;2015-10-30T11:34:37.000Z;1445
UCvqbpgno9DcJpza4Hms-n7g;Romain TeaTime;;yes;318;174750;185;131939;FR;2014-11-22T10:20:42.000Z;1787
UC8NJCimLOr_Uc4GhirgO7lg;OTB - Outside The Box;;yes;319;462606;116;386339;FR;2015-03-18T05:00:54.000Z;1671
UCKoORlGBEUFZRiltR6-PsXQ;Eva t expliquer;;yes;320;3481;12;334;FR;2018-06-28T23:20:40.000Z;473
UCfuphWV9Lv4jGAVDxkPuSyw;Lab³;;yes;321;6285;56;1118;FR;2014-10-05T18:56:30.000Z;1835
UCRqy2HKvfeEtQVIv4S77Tzg;Matière Grise;;yes;322;32243;45;9097;CH;2014-10-18T20:39:23.000Z;1822
UClmMdBgP85LOjp-X1LPNGdw;HEIN?;;yes;323;4284;38;539;FR;2017-03-02T14:51:38.000Z;956
UCH6rAZUDfVIoVSJjm3vlcnw;L Esprit Sorcier Officiel;;yes;327;143757;286;40768;FR;2015-05-18T20:25:10.000Z;1610
UCG8UbgVW3F9BYbi63VwsNFA;This is Science;;yes;325;1260;24;253;not set;2015-01-07T08:03:00.000Z;1741
UCAxljKT0ujiJZhGC8Ood7mw;Zeste de Science / Les séries originales du CNRS;;yes;326;20071;34;6916;FR;2017-11-10T15:15:14.000Z;703
UC2RSe5ZktAjE3qoMKi2pA_g;Cité des sciences et de l industrie;;yes;328;1150;197;2915;FR;2006-12-01T10:22:07.000Z;4700
UCNwWU1hqK3q-DclufllWCfg;clipedia;;yes;329;36971;150;36030;not set;2014-03-10T13:31:04.000Z;2044
UC_ZChHhr5nDrUymz7qsRqRw;Confér ENS;;yes;330;17102;23;15482;not set;2015-04-21T21:18:59.000Z;1637
UClDk0iyj99stPxD9NQUaVSQ;Espace des sciences;;yes;331;79869;878;123400;FR;2010-08-31T14:19:30.000Z;3331
UCWMjHUlcQpDPCDmwQOncoPg;D où ça vient;;yes;332;46692;36;6795;FR;2015-10-07T19:06:45.000Z;1468
UC4V8l0YMJ3IAOToCX5SdVug;La Main Baladeuse;;yes;333;4208;27;1788;FR;2016-02-26T15:25:38.000Z;1326
UCwBn4dgV3kxzvcCKN3TbQOQ;La Minute Science;;yes;334;131309;54;62837;FR;2014-09-21T05:23:27.000Z;1849
UCXO8f8SAVP02zSAxnSvtYHw;Le Point Genius;;yes;335;2485;46;1070;FR;2016-08-14T17:03:08.000Z;1156
UCL7FXdd8TW0hxNHmzlPlAQQ;Les Bons Profs;;yes;336;738933;1531;1497102;FR;2012-04-24T08:22:02.000Z;2729
UCXbAhuThX3pjE-wZS6VRW9w;Leprofduweb : Retrouve-nous sur notre site;;yes;337;36782;257;45339;FR;2013-02-14T17:05:39.000Z;2433
UCsqvprYnU8J8K449VAQZhsQ;La Vidéothèque d Alexandrie;;yes;338;29270;36;2925;not set;2014-11-22T13:30:06.000Z;1787
UC6E7R4qEInihb9ftHoLlN3w;Professeur Knut;;yes;339;49;16;20;not set;2016-05-14T14:33:25.000Z;1248
UCKtG_lXZk4pRJkapfK0eprA;Tu mourras moins bête - ARTE;;yes;340;400490;70;547166;FR;2016-01-04T09:59:54.000Z;1379
UCqso49d76__r5PlHRf_b9ZA;Vidéosciences;;yes;341;1630;28;269;not set;2015-05-20T14:17:41.000Z;1608
UC1udnO-W6gpR9qzleJ5SDKw;Palais de la découverte;;yes;342;344;98;372;not set;2014-11-20T10:05:47.000Z;1789
UC1Ue7TuX3iH4y8-Qrjj-hyg;J m énerve pas  j explique;;yes;343;73809;12;14680;FR;2016-11-07T20:44:57.000Z;1071
UC8gu-36a79TNI7fjJyYEzRA;Trust My Science;;yes;344;14510;23;1278;CH;2016-12-19T20:06:01.000Z;1029
UCww2Dlet6IoU2_eXmVL0RJQ;Réseau Canopé;;yes;348;17119;377;39338;not set;2014-02-11T14:48:53.000Z;2071
UCHKD-o1f1qAHkHPjAgHapZw;Raturix - Culture Geek;;yes;349;442;28;124;FR;2015-06-25T18:37:45.000Z;1572
UCoHwgsFsY9fDhbNpQL1R3NA;Universcience LSF;;yes;350;0;110;676;not set;2011-10-04T13:13:49.000Z;2932
UCeOp9CWBaW2tVIBAzCobzow;L Antiseche;;yes;351;358126;90;124388;FR;2017-05-26T08:33:02.000Z;871
UC3E2DhYIqnoc6H3WXwTVnlA;le blob  l’extra-média;;yes;352;47769;4089;136805;FR;2009-12-27T15:27:39.000Z;3578
UCUY4_X-KClXAxmdbg_VCfDA;Sciences en Courts;;yes;353;139;58;137;FR;2012-01-26T22:17:17.000Z;2818
UCcvjxE5lFjyYSuJ1VCUT0GQ;Kulture-moi;;yes;355;30810;61;9467;FR;2015-01-03T11:38:45.000Z;1745
UCyJDHgrsUKuWLe05GvC2lng;Stupid Economics;;yes;357;154390;60;37787;FR;2015-06-19T15:33:06.000Z;1578
UC7sXGI8p8PvKosLWagkK9wQ';Heu?reka;;yes;358;137000;72;49868;FR;2015-10-18T20:34:16.000Z;1457
